,HDFS,Hadoop,Spark,Zookeeper,BGL,HPC,Thunderbird,Windows,Linux,Andriod,HealthApp,Apache,Proxifier,OpenSSH,OpenStack,Mac
Precision,1.0,0.7658579579718885,0.12751203910373218,0.2859565365534716,0.25042510166550747,0.6389487660882033,0.964955339180816,0.9998229535998658,0.7819537132168096,1.0,0.1071582909391254,1.0,1.0,0.999933619323415,0.8803636618108446,0.014322661330665332
Recall,1.0,1.0,1.0,1.0,0.9853239063534728,0.9964627269535042,0.9999980144705387,0.9999860203729765,0.9932625006693865,0.984318279044185,0.9988360074572801,1.0,0.6854792658958514,0.8804567804721234,0.9986108630509416,1.0
F1 Measure,1.0,0.8674060725150131,0.22618302010343494,0.4447374828388396,0.3993526805537738,0.7786280487189783,0.9821642039903352,0.9999044803380931,0.8750317786892764,0.9920971745705186,0.1935517382734629,1.0,0.8133938871464091,0.9363995213452064,0.9357665093243164,0.028240838693036358
Accuracy,1.0,0.6695,0.002,0.4375,0.1275,0.574,0.8125,0.9895,0.5015,0.9105,0.017,1.0,0.495,0.4255,0.787,0.0
